tp,fp
0,0
1,1
0.74,0.35
0.81,0.27
0.65,0.26
0.74,0.23
0.7083333333333334,0.29
0.73,0.29
0.71,0.21
0.83,0.3
0.62,0.31
0.8611111111111112,0.25
0.78,0.24
0.71,0.21
0.79,0.23
0.59,0.27
0.7638888888888888,0.25
0.73,0.28
0.73,0.21
0.7,0.25
0.61,0.23
0.75,0.27
0.75,0.23
0.76,0.18
0.72,0.27
0.71,0.23
0.8194444444444444,0.26
