tp,fp
0,0
1,1
0.62,0.22
0.73,0.22
0.71,0.14
0.63,0.34
0.8333333333333334,0.26
0.54,0.09
0.58,0.15
0.77,0.38
0.5,0.32
0.6388888888888888,0.3
0.67,0.22
0.67,0.22
0.79,0.37
0.48,0.43
0.6666666666666666,0.32
0.79,0.33
0.82,0.26
0.89,0.34
0.69,0.51
0.8055555555555556,0.48
0.83,0.24
0.8,0.29
0.89,0.42
0.7,0.49
0.9166666666666666,0.45
